{
  "model_path": "model/deepfake_detector.pth",
  "dataset_split": "Test",
  "num_samples": 10905,
  "roc_auc": 0.73899,
  "current_threshold": 0.52,
  "current_metrics": {
    "threshold": 0.52,
    "accuracy": 0.65658,
    "precision": 0.62236,
    "recall": 0.80899,
    "f1": 0.70351,
    "fpr": 0.49806,
    "fnr": 0.19101,
    "tp": 4443,
    "fp": 2696,
    "tn": 2717,
    "fn": 1049
  },
  "calibration": {
    "temperature": 1.075939655303955,
    "platt_w": 1.217361569404602,
    "platt_b": -0.457755446434021
  },
  "recommendations": {
    "Uncalibrated": {
      "threshold": 0.71,
      "accuracy": 0.64805,
      "precision": 0.77883,
      "recall": 0.42061,
      "f1": 0.54623,
      "fpr": 0.12119,
      "fnr": 0.57939,
      "tp": 2310,
      "fp": 656,
      "tn": 4757,
      "fn": 3182
    },
    "Temperature Scaled": {
      "threshold": 0.7,
      "accuracy": 0.64732,
      "precision": 0.78438,
      "recall": 0.41333,
      "f1": 0.54138,
      "fpr": 0.11528,
      "fnr": 0.58667,
      "tp": 2270,
      "fp": 624,
      "tn": 4789,
      "fn": 3222
    },
    "Platt Scaled": {
      "threshold": 0.66,
      "accuracy": 0.64585,
      "precision": 0.78477,
      "recall": 0.40896,
      "f1": 0.53771,
      "fpr": 0.1138,
      "fnr": 0.59104,
      "tp": 2246,
      "fp": 616,
      "tn": 4797,
      "fn": 3246
    },
    "Isotonic Regression": {
      "threshold": 0.6,
      "accuracy": 0.65328,
      "precision": 0.76979,
      "recall": 0.44446,
      "f1": 0.56355,
      "fpr": 0.13486,
      "fnr": 0.55554,
      "tp": 2441,
      "fp": 730,
      "tn": 4683,
      "fn": 3051
    }
  },
  "threshold_sweep": [
    {
      "threshold": 0.3,
      "accuracy": 0.54186,
      "precision": 0.52418,
      "recall": 0.97906,
      "f1": 0.68279,
      "fpr": 0.90172,
      "fnr": 0.02094,
      "tp": 5377,
      "fp": 4881,
      "tn": 532,
      "fn": 115
    },
    {
      "threshold": 0.31,
      "accuracy": 0.547,
      "precision": 0.52715,
      "recall": 0.9756,
      "f1": 0.68447,
      "fpr": 0.88786,
      "fnr": 0.0244,
      "tp": 5358,
      "fp": 4806,
      "tn": 607,
      "fn": 134
    },
    {
      "threshold": 0.32,
      "accuracy": 0.55094,
      "precision": 0.52949,
      "recall": 0.97251,
      "f1": 0.68567,
      "fpr": 0.87678,
      "fnr": 0.02749,
      "tp": 5341,
      "fp": 4746,
      "tn": 667,
      "fn": 151
    },
    {
      "threshold": 0.33,
      "accuracy": 0.55452,
      "precision": 0.53166,
      "recall": 0.96941,
      "f1": 0.6867,
      "fpr": 0.86643,
      "fnr": 0.03059,
      "tp": 5324,
      "fp": 4690,
      "tn": 723,
      "fn": 168
    },
    {
      "threshold": 0.34,
      "accuracy": 0.56039,
      "precision": 0.53516,
      "recall": 0.96723,
      "f1": 0.68906,
      "fpr": 0.85239,
      "fnr": 0.03277,
      "tp": 5312,
      "fp": 4614,
      "tn": 799,
      "fn": 180
    },
    {
      "threshold": 0.35,
      "accuracy": 0.56598,
      "precision": 0.53863,
      "recall": 0.9634,
      "f1": 0.69096,
      "fpr": 0.83724,
      "fnr": 0.0366,
      "tp": 5291,
      "fp": 4532,
      "tn": 881,
      "fn": 201
    },
    {
      "threshold": 0.36,
      "accuracy": 0.57075,
      "precision": 0.54174,
      "recall": 0.9583,
      "f1": 0.69218,
      "fpr": 0.82246,
      "fnr": 0.0417,
      "tp": 5263,
      "fp": 4452,
      "tn": 961,
      "fn": 229
    },
    {
      "threshold": 0.37,
      "accuracy": 0.57597,
      "precision": 0.5452,
      "recall": 0.9532,
      "f1": 0.69365,
      "fpr": 0.80676,
      "fnr": 0.0468,
      "tp": 5235,
      "fp": 4367,
      "tn": 1046,
      "fn": 257
    },
    {
      "threshold": 0.38,
      "accuracy": 0.57992,
      "precision": 0.54798,
      "recall": 0.9472,
      "f1": 0.69429,
      "fpr": 0.79272,
      "fnr": 0.0528,
      "tp": 5202,
      "fp": 4291,
      "tn": 1122,
      "fn": 290
    },
    {
      "threshold": 0.39,
      "accuracy": 0.58707,
      "precision": 0.55287,
      "recall": 0.94155,
      "f1": 0.69667,
      "fpr": 0.77258,
      "fnr": 0.05845,
      "tp": 5171,
      "fp": 4182,
      "tn": 1231,
      "fn": 321
    },
    {
      "threshold": 0.4,
      "accuracy": 0.5945,
      "precision": 0.55819,
      "recall": 0.93445,
      "f1": 0.6989,
      "fpr": 0.75042,
      "fnr": 0.06555,
      "tp": 5132,
      "fp": 4062,
      "tn": 1351,
      "fn": 360
    },
    {
      "threshold": 0.41,
      "accuracy": 0.59982,
      "precision": 0.5621,
      "recall": 0.92953,
      "f1": 0.70056,
      "fpr": 0.73471,
      "fnr": 0.07047,
      "tp": 5105,
      "fp": 3977,
      "tn": 1436,
      "fn": 387
    },
    {
      "threshold": 0.42,
      "accuracy": 0.60578,
      "precision": 0.56683,
      "recall": 0.92116,
      "f1": 0.70181,
      "fpr": 0.71421,
      "fnr": 0.07884,
      "tp": 5059,
      "fp": 3866,
      "tn": 1547,
      "fn": 433
    },
    {
      "threshold": 0.43,
      "accuracy": 0.60954,
      "precision": 0.57029,
      "recall": 0.91151,
      "f1": 0.70161,
      "fpr": 0.69684,
      "fnr": 0.08849,
      "tp": 5006,
      "fp": 3772,
      "tn": 1641,
      "fn": 486
    },
    {
      "threshold": 0.44,
      "accuracy": 0.61596,
      "precision": 0.57578,
      "recall": 0.90204,
      "f1": 0.70289,
      "fpr": 0.6743,
      "fnr": 0.09796,
      "tp": 4954,
      "fp": 3650,
      "tn": 1763,
      "fn": 538
    },
    {
      "threshold": 0.45,
      "accuracy": 0.62072,
      "precision": 0.58026,
      "recall": 0.89257,
      "f1": 0.7033,
      "fpr": 0.65509,
      "fnr": 0.10743,
      "tp": 4902,
      "fp": 3546,
      "tn": 1867,
      "fn": 590
    },
    {
      "threshold": 0.46,
      "accuracy": 0.62834,
      "precision": 0.58693,
      "recall": 0.88456,
      "f1": 0.70564,
      "fpr": 0.63163,
      "fnr": 0.11544,
      "tp": 4858,
      "fp": 3419,
      "tn": 1994,
      "fn": 634
    },
    {
      "threshold": 0.47,
      "accuracy": 0.63219,
      "precision": 0.59125,
      "recall": 0.87363,
      "f1": 0.70523,
      "fpr": 0.61278,
      "fnr": 0.12637,
      "tp": 4798,
      "fp": 3317,
      "tn": 2096,
      "fn": 694
    },
    {
      "threshold": 0.48,
      "accuracy": 0.63705,
      "precision": 0.59655,
      "recall": 0.86289,
      "f1": 0.70542,
      "fpr": 0.59209,
      "fnr": 0.13711,
      "tp": 4739,
      "fp": 3205,
      "tn": 2208,
      "fn": 753
    },
    {
      "threshold": 0.49,
      "accuracy": 0.64218,
      "precision": 0.60234,
      "recall": 0.85197,
      "f1": 0.70573,
      "fpr": 0.57066,
      "fnr": 0.14803,
      "tp": 4679,
      "fp": 3089,
      "tn": 2324,
      "fn": 813
    },
    {
      "threshold": 0.5,
      "accuracy": 0.64567,
      "precision": 0.60739,
      "recall": 0.83831,
      "f1": 0.70441,
      "fpr": 0.54979,
      "fnr": 0.16169,
      "tp": 4604,
      "fp": 2976,
      "tn": 2437,
      "fn": 888
    },
    {
      "threshold": 0.51,
      "accuracy": 0.65135,
      "precision": 0.61472,
      "recall": 0.82447,
      "f1": 0.70431,
      "fpr": 0.52429,
      "fnr": 0.17553,
      "tp": 4528,
      "fp": 2838,
      "tn": 2575,
      "fn": 964
    },
    {
      "threshold": 0.52,
      "accuracy": 0.65658,
      "precision": 0.62236,
      "recall": 0.80899,
      "f1": 0.70351,
      "fpr": 0.49806,
      "fnr": 0.19101,
      "tp": 4443,
      "fp": 2696,
      "tn": 2717,
      "fn": 1049
    },
    {
      "threshold": 0.53,
      "accuracy": 0.66043,
      "precision": 0.62895,
      "recall": 0.79443,
      "f1": 0.70207,
      "fpr": 0.47552,
      "fnr": 0.20557,
      "tp": 4363,
      "fp": 2574,
      "tn": 2839,
      "fn": 1129
    },
    {
      "threshold": 0.54,
      "accuracy": 0.66621,
      "precision": 0.63796,
      "recall": 0.77968,
      "f1": 0.70174,
      "fpr": 0.44892,
      "fnr": 0.22032,
      "tp": 4282,
      "fp": 2430,
      "tn": 2983,
      "fn": 1210
    },
    {
      "threshold": 0.55,